page,cmp_name
https://www.next.co.uk/,OneTrust
https://www.olx.co.id/,Funding Choices
https://www.noor-book.com/,Funding Choices
https://www.polsatsport.pl/,OneTrust
https://www.telegraf.rs/,Funding Choices
https://www.spanishdict.com/,Conversant Consent Tool
https://www.spanishdict.com/,Funding Choices
https://www.surveymonkey.com/,OneTrust
https://www.okx.com/,OneTrust
https://www.thairath.co.th/,Funding Choices
https://www.poder360.com.br/,Funding Choices
https://www.skylinewebcams.com/,Funding Choices
https://www.nba.com/,OneTrust
https://www.nba.com/,Funding Choices
https://www.on3.com/,Funding Choices
https://www.thetrainline.com/,OneTrust
https://www.sofascore.com/,Funding Choices
https://www.tandfonline.com/,OneTrust
https://www.rte.ie/,OneTrust
https://www.reserved.com/,Cookiebot
https://www.stradivarius.com/,OneTrust
https://www.therange.co.uk/,OneTrust
https://www.pch.com/,Conversant Consent Tool
https://www.pch.com/,Funding Choices
https://www.sorrisi.com/,iubenda
https://www.pciconcursos.com.br/,Funding Choices
https://www.obozrevatel.com/,Funding Choices
https://www.purepeople.com/,Didomi
https://www.serasa.com.br/,Funding Choices
https://www.tcgplayer.com/,Segment Consent Manager 
https://www.rtl.nl/,OneTrust
https://www.notitimba.com/,Funding Choices
https://www.racingpost.com/,TrustArc
https://www.partslink24.com/,Usercentrics
https://www.scoalarutiera.ro/,Funding Choices
https://www.svenskdam.se/,OneTrust
https://www.telemundo.com/,OneTrust
https://www.telemundo.com/,Funding Choices
https://www.tf1info.fr/,Commanders Act TrustCommander
https://www.ouedkniss.com/,Funding Choices
https://www.semana.es/,Didomi
https://www.paparazzi.com.ar/,Funding Choices
https://www.nzherald.co.nz/,Funding Choices
https://www.shop-apotheke.com/,Usercentrics
https://www.shop-apotheke.com/,Cookiebot
https://www.plovdiv24.bg/,Funding Choices
https://www.oricon.co.jp/,Funding Choices
https://www.nespresso.com/,AdRoll CMP System
https://www.nespresso.com/,OneTrust
https://www.tameteo.com/,Funding Choices
https://www.olx.in/,Funding Choices
https://www.thingiverse.com/,Cookiebot
https://www.olx.pl/,OneTrust
https://www.t-mobile.com/,OneTrust
https://www.notion.so/,Transcend
https://www.nvidia.com/,AdRoll CMP System
https://www.nvidia.com/,OneTrust
https://www.romaniatv.net/,OneTrust
https://www.nintendo.com/,OneTrust
https://www.ntvspor.net/,OneTrust
https://www.npr.org/,OneTrust
https://www.sporcle.com/,Conversant Consent Tool
https://www.prajavani.net/,Funding Choices
https://www.paramountplus.com/,OneTrust
https://www.starhit.ru/,Funding Choices
https://www.ntv.com.tr/,OneTrust
https://www.ntv.com.tr/,Funding Choices
https://www.rtve.es/,OneTrust
https://www.sport.pl/,OneTrust
https://www.pagalworld.com.sb/,Funding Choices
https://www.pagesjaunes.fr/,Didomi
https://www.pexels.com/,OneTrust
https://www.symbolab.com/,OneTrust
https://www.sensacine.com/,Didomi
https://www.posta.com.tr/,OneTrust
https://www.posta.com.tr/,Funding Choices
https://www.thehindu.com/,TrustArc
https://www.sondakika.com/,Funding Choices
https://www.royalmail.com/,Tealium Consent Management
https://www.nhl.com/,OneTrust
https://www.tiempo.com/,Funding Choices
https://www.royalcaribbean.com/,OneTrust
https://www.tchibo.de/,OneTrust
https://www.prosport.ro/,OneTrust
https://www.semana.com/,OneTrust
https://www.semana.com/,Funding Choices
https://www.poste.it/,TrustArc
https://www.nit.pt/,Funding Choices
https://www.nmas.com.mx/,Funding Choices
https://www.nur.kz/,Funding Choices
https://www.storm.mg/,Funding Choices
https://www.news18.com/,Funding Choices
https://www.prothomalo.com/,Funding Choices
https://www.sportmediaset.mediaset.it/,iubenda
https://www.rona.ca/,OneTrust
https://www.pronews.gr/,Funding Choices
https://www.netvasco.com.br/,Funding Choices
https://www.takvim.com.tr/,Funding Choices
https://www.pensador.com/,Funding Choices
https://www.pensador.com/,Cookie Script
https://www.politico.com/,OneTrust
https://www.op.gg/,Funding Choices
https://www.rmf24.pl/,Funding Choices
https://www.tf1.fr/,Commanders Act TrustCommander
https://www.stuff.co.nz/,Funding Choices
https://www.reportera.co.kr/,Funding Choices
https://www.thesimsresource.com/,Conversant Consent Tool
https://www.thesimsresource.com/,Funding Choices
https://www.nsctotal.com.br/,Funding Choices
https://www.nsctotal.com.br/,AdOpt
https://www.programme-television.org/,Didomi
https://www.soccervital.com/,Conversant Consent Tool
https://www.soccervital.com/,Funding Choices
https://www.tacobell.com/,OneTrust
https://www.news24.com/,OneTrust
https://www.news24.com/,Funding Choices
https://www.thesaurus.com/,OneTrust
https://www.rome2rio.com/,Funding Choices
https://www.pagina12.com.ar/,Funding Choices
https://www.pngwing.com/,Funding Choices
https://www.russianfood.com/,Funding Choices
https://www.ojogo.pt/,Funding Choices
https://www.sudinfo.be/,Didomi
https://www.rbc.ua/,Funding Choices
https://www.procyclingstats.com/,Funding Choices
https://www.myinstants.com/,Conversant Consent Tool
https://www.myinstants.com/,Funding Choices
https://www.pink.rs/,Funding Choices
https://www.timesnownews.com/,Funding Choices
https://www.rei.com/,OneTrust
https://www.ticketmaster.com.br/,OneTrust
https://www.teacherspayteachers.com/,Transcend
https://www.planetminecraft.com/,Conversant Consent Tool
https://www.planetminecraft.com/,Funding Choices
https://www.postype.com/,Funding Choices
https://www.skechers.com/,TrustArc
https://www.sportsdirect.com/,OneTrust
https://www.the-sun.com/,Sourcepoint
https://www.nbcnews.com/,OneTrust
https://www.thesun.co.uk/,Sourcepoint
https://www.shabdkosh.com/,Funding Choices
https://www.sisal.it/,OneTrust
https://www.rottentomatoes.com/,OneTrust
https://www.seiska.fi/,Funding Choices
https://www.stiripesurse.ro/,OneTrust
https://www.record.pt/,Funding Choices
https://www.net-empregos.com/,Funding Choices
https://www.ricardo.ch/,OneTrust
https://www.physicsandmathstutor.com/,Funding Choices
https://www.sport-fm.gr/,Funding Choices
https://www.myherbalife.com/,OneTrust
https://www.playstation.com/,Evidon
https://www.screwfix.com/,TrustArc
https://www.plotek.pl/,OneTrust
https://www.sponichi.co.jp/,Funding Choices
https://www.theweathernetwork.com/,Didomi
https://www.sudouest.fr/,Didomi
https://www.tmz.com/,Ketch
https://www.tmz.com/,Funding Choices
https://www.polovniautomobili.com/,Funding Choices
https://www.tgcom24.mediaset.it/,iubenda
https://www.srf.ch/,Usercentrics
https://www.pravda.com.ua/,Funding Choices
https://www.national-lottery.co.uk/,Tealium Consent Management
https://www.nefisyemektarifleri.com/,Funding Choices
https://www.telecinco.es/,Didomi
https://www.placardefutebol.com.br/,Funding Choices
https://www.polsatnews.pl/,OneTrust
https://www.todamateria.com.br/,Funding Choices
https://www.todamateria.com.br/,Cookie Script
https://www.themoviedb.org/,OneTrust
https://www.stoiximan.gr/,OneTrust
https://www.sportingnews.com/,OneTrust
https://www.sto.cx/,Funding Choices
https://www.thestar.com.my/,Funding Choices
https://www.orange.fr/,Didomi
https://www.sport.ro/,OneTrust
https://www.soccer24.com/,OneTrust
https://www.sportdog.gr/,OneTrust
https://www.sportdog.gr/,Funding Choices
https://www.chinatimes.com/,Funding Choices
https://www.enuygun.com/,OneTrust
https://www.deccanherald.com/,Funding Choices
https://www.europapress.es/,Funding Choices
https://www.findagrave.com/,Conversant Consent Tool
https://www.flashscore.co.id/,OneTrust
https://www.currys.co.uk/,OneTrust
https://www.decathlon.es/,Didomi
https://www.delfi.lt/,Funding Choices
https://www.delfi.lt/,Cookiebot
https://www.esquire.com/,OneTrust
https://www.flashscore.com.ve/,OneTrust
https://www.gismeteo.by/,Funding Choices
https://www.gismeteo.kz/,Funding Choices
https://www.flashscore.co/,OneTrust
https://www.dotloop.com/,OneTrust
https://www.flashscore.pt/,OneTrust
https://www.goodreturns.in/,Funding Choices
https://www.danas.rs/,OneTrust
https://www.footmercato.net/,Didomi
https://www.flashscore.sk/,OneTrust
https://www.fdj.fr/,Commanders Act TrustCommander
https://www.fanatik.com.tr/,OneTrust
https://www.fanatik.com.tr/,Funding Choices
https://www.climatempo.com.br/,Funding Choices
https://www.espn.com.mx/,OneTrust
https://www.espn.com.mx/,Funding Choices
https://www.channelnewsasia.com/,Funding Choices
https://www.eventbrite.com/,Transcend
https://www.cifraclub.com.br/,Funding Choices
https://www.but.fr/,Commanders Act TrustCommander
https://www.elcorreo.com/,Didomi
https://www.elpais.com.uy/,Funding Choices
https://www.dictionary.com/,OneTrust
https://www.dictionary.com/,Funding Choices
https://www.cbsnews.com/,OneTrust
https://www.dhl.de/,OneTrust
https://www.covers.com/,Cookiebot
https://www.fanatik.ro/,OneTrust
https://www.cpbl.com.tw/,Funding Choices
https://www.france.tv/,Didomi
https://www.flashscore.pe/,OneTrust
https://www.flashscore.es/,OneTrust
https://www.g4media.ro/,OneTrust
https://www.crazygames.com/,iubenda
https://www.fussball.de/,Usercentrics
https://www.flashscore.co.uk/,OneTrust
https://www.cnews.fr/,Didomi
https://www.espn.com.ve/,OneTrust
https://www.espn.com.ve/,Funding Choices
https://www.fool.com/,OneTrust
https://www.fashionnova.com/,Transcend
https://www.evri.com/,OneTrust
https://www.defensacentral.com/,Didomi
https://www.filmstarts.de/,Didomi
https://www.businesstoday.in/,Funding Choices
https://www.carrefour.fr/,OneTrust
https://www.elle.com/,OneTrust
https://www.flashscore.com.ua/,OneTrust
https://www.caranddriver.com/,OneTrust
https://www.groupon.com/,Funding Choices
https://www.espn.com.br/,OneTrust
https://www.espn.com.br/,Funding Choices
https://www.flashscorekz.com/,OneTrust
https://www.flightaware.com/,OneTrust
https://www.cas.sk/,Funding Choices
https://www.cas.sk/,Didomi
https://www.casio.com/,Cookiebot
https://www.chunichi.co.jp/,Funding Choices
https://www.ensonhaber.com/,Funding Choices
https://www.diariouno.com.ar/,Funding Choices
https://www.flashscore.ua/,OneTrust
https://www.freegames.com/,Funding Choices
https://www.flashscore.ro/,OneTrust
https://www.collinsdictionary.com/,OneTrust
https://www.collinsdictionary.com/,Funding Choices
https://www.eldiario.es/,Didomi
https://www.flashscore.gr/,OneTrust
https://www.glassdoor.co.in/,OneTrust
https://www.duolingo.com/,OneTrust
https://www.eldebate.com/,Didomi
https://www.eluniversal.com.mx/,Funding Choices
https://www.eredmenyek.com/,OneTrust
https://www.getyourguide.com/,OneTrust
https://www.fotogramas.es/,OneTrust
https://www.centrum24.pl/,Tealium Consent Management
https://www.churchofjesuschrist.org/,TrustArc
https://www.funda.nl/,Didomi
https://www.ea.com/,TrustArc
https://www.cnnindonesia.com/,Funding Choices
https://www.fnn.jp/,Funding Choices
https://www.fancode.com/,Funding Choices
https://www.caracoltv.com/,Didomi
https://www.dr.dk/,Cookiebot
https://www.friv.com/,Funding Choices
https://www.glassdoor.com/,OneTrust
https://www.c5n.com/,Funding Choices
https://www.decathlon.it/,Didomi
https://www.carrefour.com.br/,OneTrust
https://www.dickssportinggoods.com/,Funding Choices
https://www.dhl.com/,OneTrust
https://www.gamingbible.com/,Funding Choices
https://www.flashscore.in/,OneTrust
https://www.cnbc.com/,OneTrust
https://www.coches.net/,Didomi
https://www.elle.fr/,Didomi
https://www.chatblink.com/,Funding Choices
https://www.drugs.com/,Funding Choices
https://www.cardekho.com/,Funding Choices
https://www.dn.se/,Funding Choices
https://www.dn.se/,Didomi
https://www.carfax.com/,OneTrust
https://www.coursera.org/,OneTrust
https://www.dinamalar.com/,Funding Choices
https://www.cnet.com/,OneTrust
https://www.cnet.com/,Funding Choices
https://www.cumhuriyet.com.tr/,Funding Choices
https://www.gardenhomefuture.com/,Funding Choices
https://www.doctolib.fr/,Didomi
https://www.gofundme.com/,Transcend
https://www.canalrcn.com/,Funding Choices
https://www.expedia.com/,OneTrust
https://www.dnevno.hr/,Funding Choices
https://www.flightradar24.com/,OneTrust
https://www.drikpanchang.com/,Funding Choices
https://www.cvs.com/,OneTrust
https://www.canalturf.com/,Sirdata
https://www.cmjornal.pt/,Funding Choices
https://www.gazeteduvar.com.tr/,Funding Choices
https://www.dochord.com/,Funding Choices
https://www.carrefour.es/,OneTrust
https://www.businessinsider.com/,Osano
https://www.cosmopolitan.com/,OneTrust
https://www.crunchyroll.com/,OneTrust
https://www.elconfidencial.com/,Didomi
https://www.fotocasa.es/,Didomi
https://www.expressen.se/,Funding Choices
https://www.expressen.se/,Didomi
https://www.estadao.com.br/,Funding Choices
https://www.chewy.com/,OneTrust
https://www.calzedonia.com/,OneTrust
https://www.dhnet.be/,Didomi
https://www.costco.ca/,OneTrust
https://www.casa.it/,Didomi
https://www.eltiempo.com/,Funding Choices
https://www.coursehero.com/,OneTrust
https://www.decathlon.fr/,Didomi
https://www.flashscore.com.ng/,OneTrust
https://www.filmweb.pl/,Didomi
https://www.espn.com.ar/,OneTrust
https://www.espn.com.ar/,Funding Choices
https://www.goodhousekeeping.com/,OneTrust
https://www.cars.com/,OneTrust
https://www.goldbet.it/,OneTrust
https://www.csfd.cz/,Didomi
https://www.flashscore.com.tr/,OneTrust
https://www.fimela.com/,Funding Choices
https://www.coingecko.com/,OneTrust
https://www.ebay.com.au/,Funding Choices
https://www.elcorteingles.es/,OneTrust
https://www.drogaraia.com.br/,OneTrust
https://www.eatingwell.com/,Conversant Consent Tool
https://forum.gamer.com.tw/,Funding Choices
https://www.carwale.com/,Funding Choices
https://www.dailymail.co.uk/,Funding Choices
https://timesofindia.indiatimes.com/,OneTrust
https://timesofindia.indiatimes.com/,Funding Choices
https://www.bt.dk/,Cookiebot
https://news.goo.ne.jp/,Funding Choices
https://trilltrill.jp/,Funding Choices
https://www.credit-agricole.fr/,Commanders Act TrustCommander
https://uranai.nosv.org/,Funding Choices
https://www.adobe.com/,OneTrust
https://ficbook.net/,Funding Choices
https://www.afreecatv.com/,Funding Choices
https://www.cricbuzz.com/,Funding Choices
https://gamewith.jp/,Funding Choices
https://app.hubspot.com/,HubSpot Cookie Policy Banner
https://coinmarketcap.com/,OneTrust
https://www.dlsite.com/,OneTrust
https://www.eenadu.net/,Funding Choices
https://stackoverflow.com/,OneTrust
https://ecnavi.jp/,Funding Choices
https://www.aajtak.in/,Funding Choices
https://tuoitre.vn/,Funding Choices
https://www.discogs.com/,OneTrust
https://www.buienradar.nl/,OneTrust
https://www.daily.co.jp/,Funding Choices
https://client.schwab.com/,OneTrust
https://ua.sinoptik.ua/,Funding Choices
https://open.spotify.com/,OneTrust
https://hochi.news/,Funding Choices
https://people.com/,Conversant Consent Tool
https://www.cnnbrasil.com.br/,Funding Choices
https://linktr.ee/,OneTrust
https://ekstrabladet.dk/,Cookiebot
https://www.dailymotion.com/,Funding Choices
https://game8.jp/,Funding Choices
https://www.1mg.com/,AdRoll CMP System
https://nypost.com/,OneTrust
https://vnexpress.net/,Funding Choices
https://www.corriere.it/,Funding Choices
https://gendai.media/,OneTrust
https://gendai.media/,Funding Choices
https://letterboxd.com/,Conversant Consent Tool
https://letterboxd.com/,Funding Choices
https://elpais.com/,Funding Choices
https://elpais.com/,Didomi
https://ge.globo.com/,Funding Choices
https://hindi.news18.com/,Funding Choices
https://www.eltiempo.es/,Didomi
https://doublelist.com/,OneTrust
https://www.coolmathgames.com/,Conversant Consent Tool
https://www.coolmathgames.com/,Funding Choices
https://www.costco.com/,OneTrust
https://www.asos.com/,OneTrust
https://www.24h.com.vn/,Funding Choices
https://www.bfmtv.com/,Didomi
https://www.accuweather.com/,Funding Choices
https://g1.globo.com/,Funding Choices
https://cardgames.io/,OneTrust
https://www.dafont.com/,Sirdata
https://www.cronista.com/,Funding Choices
https://pixabay.com/,OneTrust
https://www.elmundo.es/,Funding Choices
https://www.elmundo.es/,Didomi
https://www.croxyproxy.com/,Funding Choices
https://snaptik.app/,Funding Choices
https://www.3bmeteo.com/,iubenda
https://www.3bmeteo.com/,Funding Choices
https://tmohentai.com/,Spatie Laravel Cookie Consent
https://www.coco.gg/,Funding Choices
https://dantri.com.vn/,Conversant Consent Tool
https://dantri.com.vn/,Funding Choices
https://ndtv.in/,Funding Choices
https://www.booking.com/,OneTrust
https://wiadomosci.onet.pl/,Funding Choices
https://www.cnbcindonesia.com/,Funding Choices
https://www.abplive.com/,Funding Choices
https://tvn24.pl/,OneTrust
https://www.amarujala.com/,Funding Choices
https://www.buzzfeed.com/,OneTrust
https://www.cnn.com/,OneTrust
https://www.cnn.com/,Funding Choices
https://context.reverso.net/,Didomi
https://www.20minutos.es/,Didomi
https://discord.com/,OneTrust
https://udn.com/,Funding Choices
https://www.dzexams.com/,Funding Choices
https://khoahoc.vietjack.com/,Funding Choices
https://m.shein.com/,OneTrust
https://snapinsta.app/,Funding Choices
https://www.clarin.com/,Funding Choices
https://tenki.jp/,Funding Choices
https://www.avto.net/,Cookiebot
https://www.argos.co.uk/,Tealium Consent Management
https://www.action.com/,Cookiebot
https://www.diretta.it/,OneTrust
https://onlinebanking.nationwide.co.uk/,OneTrust
https://pictbland.net/,Funding Choices
https://n1info.si/,OneTrust
https://parsi.euronews.com/,Didomi
https://maidonanews.jp/,Funding Choices
https://number.bunshun.jp/,Funding Choices
https://support.discord.com/,OneTrust
https://mylivewallpapers.com/,snigel AdConsent
https://mylivewallpapers.com/,Funding Choices
https://pm.by/,Cookie Script
https://puhutv.com/,OneTrust
https://mi-mollet.com/,Funding Choices
https://spunteblu.it/,Funding Choices
https://live24.gr/,Funding Choices
https://sushida.net/,Funding Choices
https://superbet.ro/,OneTrust
https://mondo.rs/,Didomi
https://sport.tvp.pl/,Funding Choices
https://news.abplive.com/,Funding Choices
https://s.esheaq.onl/,Funding Choices
https://patch.com/,OneTrust
https://support.spotify.com/,OneTrust
https://supercell.com/,OneTrust
https://mandiner.hu/,Funding Choices
https://surveys.gobranded.com/,Evidon
https://modfyp.com/,Funding Choices
https://novelnext.meganovelfree.com/,Funding Choices
https://mangarose.net/,Cookie Notice
https://minfin.com.ua/,Funding Choices
https://melapelocondibujos.com/,CookieYes
https://shop.advanceautoparts.com/,OneTrust
https://sport.orf.at/,Didomi
https://shbabbek.com/,Funding Choices
https://moncompte.laposte.fr/,Commanders Act TrustCommander
https://pivigames.blog/,CookieYes
https://rus.delfi.lv/,Funding Choices
https://rus.delfi.lv/,Cookie Script
https://sport.elwatannews.com/,Funding Choices
https://shueisha.online/,Funding Choices
https://reality.idnes.cz/,Didomi
https://newspaper.pudhari.co.in/,Funding Choices
https://revistacrescer.globo.com/,Funding Choices
https://pimeyes.com/,Cookiebot
https://observatornews.ro/,OneTrust
https://recepti.gotvach.bg/,Funding Choices
https://neal.fun/,Funding Choices
https://megapolitan.kompas.com/,Funding Choices
https://story.hr/,Didomi
https://razorpay.com/,AdRoll CMP System
https://n1info.hr/,OneTrust
https://pagesix.com/,OneTrust
https://metsul.com/,Funding Choices
https://mantan-web.jp/,Funding Choices
https://mytoolstown.com/,Funding Choices
https://minepi.com/,CookieYes
https://novini.bg/,OneTrust
https://novini.bg/,Funding Choices
https://lolesports.com/,Osano
https://mania.kr/,Funding Choices
https://sportsport.ba/,Funding Choices
https://sportsport.ba/,Didomi
https://magmix.jp/,Funding Choices
https://meridiano.net/,Funding Choices
https://sketchfab.com/,OneTrust
https://planoscelular.claro.com.br/,OneTrust
https://newautopost.co.kr/,Funding Choices
https://spotifydown.com/,Funding Choices
https://resultadodelaloteria.com/,Funding Choices
https://prehrajto.cz/,Didomi
https://nova.bg/,Didomi
https://quiz.betterme.world/,OneTrust
https://majhinaukri.in/,Funding Choices
https://nguoiquansat.vn/,Funding Choices
https://sprzedajemy.pl/,Didomi
https://radiosaovivo.net/,Funding Choices
https://money.kompas.com/,Funding Choices
https://marketplace.secondlife.com/,OneTrust
https://mein-mmo.de/,Didomi
https://noticias.r7.com/,Funding Choices
https://manychat.com/,Usercentrics
https://sa.investing.com/,Conversant Consent Tool
https://mdundo.com/,Funding Choices
https://photo.walgreens.com/,OneTrust
https://sud.ua/,Funding Choices
https://rci.fm/,Didomi
https://receitas.globo.com/,Funding Choices
https://sport.tv2.dk/,OneTrust
https://m.encuentra24.com/,AdRoll CMP System
https://m.encuentra24.com/,Funding Choices
https://portal.gupy.io/,OneTrust
https://myspringfield.com/,OneTrust
https://noticiastrabajo.huffingtonpost.es/,Didomi
https://royaleapi.com/,Funding Choices
https://lubimyczytac.pl/,OneTrust
https://radiopaedia.org/,snigel AdConsent
https://slate.com/,OneTrust
https://slate.com/,Funding Choices
https://prod.idp.collegeboard.org/,OneTrust
https://mobalytics.gg/,CookieYes
https://mobalytics.gg/,Funding Choices
https://pt.quizur.com/,Funding Choices
https://mail.tiscali.it/,iubenda
https://monkeytype.com/,Conversant Consent Tool
https://monkeytype.com/,Funding Choices
https://supersport.com/,OneTrust
https://supersport.com/,Funding Choices
https://olui2.fs.ml.com/,OneTrust
https://mojekrpice.rs/,Conversant Consent Tool
https://mojekrpice.rs/,Funding Choices
https://messagerie.orange.fr/,Didomi
https://squareup.com/,OneTrust
https://radiosarajevo.ba/,Funding Choices
https://mym.fans/,CookieFirst
https://sabq.org/,Funding Choices
https://nation.africa/,Funding Choices
https://mi.tv/,Funding Choices
https://naruto.fandom.com/,Funding Choices
https://resultados.as.com/,Funding Choices
https://resultados.as.com/,Didomi
https://qiita.com/,Funding Choices
https://proxyium.com/,Funding Choices
https://lirik.kapanlagi.com/,Funding Choices
https://spela.svenskaspel.se/,OneTrust
https://song.corp.com.tw/,Funding Choices
https://newsweek.ro/,OneTrust
https://meteofor.lt/,Conversant Consent Tool
https://meteofor.lt/,Funding Choices
https://sports.ltn.com.tw/,Funding Choices
https://next.gazeta.pl/,OneTrust
https://sport.aktuality.sk/,Funding Choices
https://starwars.fandom.com/,Funding Choices
https://mobile.missyusa.com/,Funding Choices
https://recipe.rakuten.co.jp/,Funding Choices
https://news.walla.co.il/,Funding Choices
https://nowosci.com.pl/,Didomi
https://talkwithstranger.com/,Funding Choices
https://marvel.fandom.com/,Funding Choices
https://m.shein.co.uk/,OneTrust
https://mangaplus.shueisha.co.jp/,OneTrust
https://otomotif.kompas.com/,Funding Choices
https://sicnoticias.pt/,Funding Choices
https://sicnoticias.pt/,Didomi
https://std.stheadline.com/,Funding Choices
https://regional.kompas.com/,Funding Choices
https://mashable.com/,Funding Choices
https://rotaborsa.com/,Funding Choices
https://oldnavy.gapcanada.ca/,OneTrust
https://playtube.tv/,Funding Choices
https://playhop.com/,Funding Choices
https://star.setn.com/,Funding Choices
https://money.rediff.com/,Funding Choices
https://rajasthan.indiaresults.com/,Funding Choices
https://mobizil.com/,Funding Choices
https://nextdoor.com/,OneTrust
https://prezi.com/,OneTrust
https://onedio.com/,Funding Choices
https://playfootball.games/,Conversant Consent Tool
https://playfootball.games/,Funding Choices
https://marathi.abplive.com/,Funding Choices
https://p-town.dmm.com/,Funding Choices
https://rip.ie/,Cookiebot
https://pinterestdownloader.com/,Funding Choices
https://saveinsta.app/,Funding Choices
https://nova.rs/,OneTrust
https://retty.me/,Funding Choices
https://novel-drama.org/,Funding Choices
https://phunutoday.vn/,Funding Choices
https://limo.media/,Funding Choices
https://loterias.caixa.gov.br/,AdOpt
https://rocketnews24.com/,Funding Choices
https://pex.jp/,Funding Choices
https://nickfinder.com/,Funding Choices
https://nortonsafe.search.ask.com/,OneTrust
https://poranny.pl/,Didomi
https://sgxnifty.org/,Funding Choices
https://p-bandai.jp/,OneTrust
https://slidesgo.com/,OneTrust
https://metro.co.uk/,Funding Choices
https://nyheder.tv2.dk/,OneTrust
https://saveig.app/,Funding Choices
https://president.jp/,Funding Choices
https://preply.com/,CookieYes
https://kuruma-news.jp/,Funding Choices
https://punchng.com/,Funding Choices
https://mobile.free.fr/,Didomi
https://plejada.pl/,Funding Choices
https://ngoisao.vnexpress.net/,Funding Choices
https://router-network.com/,OneTrust
https://news.ltn.com.tw/,Funding Choices
https://slobodnadalmacija.hr/,Didomi
https://natalie.mu/,Funding Choices
https://news.tvbs.com.tw/,Funding Choices
https://nowiny24.pl/,Didomi
https://musescore.com/,Funding Choices
https://meteofrance.com/,Didomi
https://oglobo.globo.com/,Funding Choices
https://mangasehri.net/,Moove GDPR Consent
https://navbharattimes.indiatimes.com/,OneTrust
https://navbharattimes.indiatimes.com/,Funding Choices
https://ndmais.com.br/,Funding Choices
https://rongbachkim.com/,Funding Choices
https://newsdig.tbs.co.jp/,Funding Choices
https://mawdoo3.com/,Funding Choices
https://meteofor.com.ua/,Funding Choices
https://news.mynavi.jp/,Funding Choices
https://oldnavy.gap.com/,OneTrust
https://lotto.pch.com/,Conversant Consent Tool
https://lotto.pch.com/,Funding Choices
https://plo.vn/,Funding Choices
https://lapalabradeldia.com/,Conversant Consent Tool
https://lapalabradeldia.com/,Funding Choices
https://n1info.rs/,OneTrust
https://noticias.uol.com.br/,Funding Choices
https://mediasetinfinity.mediaset.it/,iubenda
https://robertsspaceindustries.com/,Cookiebot
https://observador.pt/,Funding Choices
https://petel.bg/,Funding Choices
https://oldschool.runescape.wiki/,Conversant Consent Tool
https://oldschool.runescape.wiki/,Funding Choices
https://nikkei225jp.com/,Funding Choices
https://mixi.jp/,Funding Choices
https://m.cinemagia.ro/,Funding Choices
https://rpp.pe/,Conversant Consent Tool
https://rpp.pe/,Funding Choices
https://sinoptik.ua/,Funding Choices
https://riyasewana.com/,Funding Choices
https://nasional.kompas.com/,Funding Choices
https://pink.rs/,Funding Choices
https://siol.net/,Didomi
https://revistaquem.globo.com/,Funding Choices
https://onlinelibrary.wiley.com/,Osano
https://quillbot.com/,OneTrust
https://m.gamer.com.tw/,Funding Choices
https://nishispo.nishinippon.co.jp/,Funding Choices
https://rmcsport.bfmtv.com/,Didomi
https://login.libero.it/,iubenda
https://login.libero.it/,Funding Choices
https://orf.at/,Didomi
https://olhardigital.com.br/,Funding Choices
https://mydramalist.com/,Funding Choices
https://m.xszj.org/,Funding Choices
https://poe.com/,OneTrust
https://modilimitado.io/,Cookie Notice
https://nto.pl/,Didomi
https://oantagonista.com.br/,Funding Choices
https://www.iaai.com/,OneTrust
https://www.lotterypost.com/,Funding Choices
https://www.iceland.co.uk/,OneTrust
https://www.gunbroker.com/,OneTrust
https://www.libramemoria.com/,Didomi
https://www.india.com/,Funding Choices
https://www.hilton.com/,TrustArc
https://www.meteored.mx/,Funding Choices
https://www.mobile01.com/,Funding Choices
https://www.immoweb.be/,Usercentrics
https://www.harpersbazaar.com/,OneTrust
https://www.ilgiornale.it/,Funding Choices
https://www.hmetro.com.my/,Funding Choices
https://www.meutimao.com.br/,Funding Choices
https://www.hk01.com/,Funding Choices
https://www.lottopcso.com/,Funding Choices
https://www.lavanguardia.com/,Didomi
https://www.lettuceclub.net/,Funding Choices
https://www.hornbach.de/,Usercentrics
https://www.jansatta.com/,Funding Choices
https://www.liberoquotidiano.it/,PubTech
https://www.marriott.com/,OneTrust
https://www.jagranjosh.com/,Funding Choices
https://www.libero.it/,iubenda
https://www.mobiledokan.co/,Funding Choices
https://www.kooora.com/,OneTrust
https://www.gumtree.com/,OneTrust
https://www.labanquepostale.fr/,Commanders Act TrustCommander
https://www.lindependant.fr/,Didomi
https://www.hulu.com/,Evidon
https://www.hulu.com/,OneTrust
https://www.investing.com/,Conversant Consent Tool
https://www.investing.com/,OneTrust
https://www.liveworksheets.com/,Funding Choices
https://www.lavoixdunord.fr/,Didomi
https://www.mdzol.com/,Funding Choices
https://www.leroymerlin.com.br/,OneTrust
https://www.ilrestodelcarlino.it/,PubTech
https://www.meinbezirk.at/,OneTrust
https://www.leggo.it/,iubenda
https://www.krone.at/,Didomi
https://www.menshealth.com/,OneTrust
https://www.kia.com/,Usercentrics
https://www.lokmat.com/,Funding Choices
https://www.loksatta.com/,Funding Choices
https://www.journaldemontreal.com/,Funding Choices
https://www.missyusa.com/,Funding Choices
https://www.jeuxvideo.com/,Didomi
https://www.ilfattoquotidiano.it/,iubenda
https://www.manualslib.com/,snigel AdConsent
https://www.instiz.net/,Funding Choices
https://www.lavozdegalicia.es/,Didomi
https://www.immobiliare.it/,Didomi
https://www.hankyung.com/,Funding Choices
https://www.lastampa.it/,iubenda
https://www.jcpenney.com/,AdRoll CMP System
https://www.jcpenney.com/,OneTrust
https://www.mathway.com/,Conversant Consent Tool
https://www.mathway.com/,OneTrust
https://www.laposte.fr/,Commanders Act TrustCommander
https://www.immobilienscout24.de/,Usercentrics
https://www.livesport.com/,OneTrust
https://www.metoffice.gov.uk/,CIVIC
https://www.metroopinion.com/,Cookie Script
https://www.matchendirect.fr/,Didomi
https://www.letras.com/,Funding Choices
https://www.kiabi.com/,Commanders Act TrustCommander
https://www.hasznaltauto.hu/,Didomi
https://www.libertatea.ro/,OneTrust
https://www.libertatea.ro/,Funding Choices
https://www.irctc.co.in/,Funding Choices
https://www.kariyer.net/,Efilli
https://www.kariyer.net/,Funding Choices
https://www.homedepot.ca/,OneTrust
https://www.ilgazzettino.it/,iubenda
https://www.millipiyangoonline.com/,OneTrust
https://www.manoramaonline.com/,Funding Choices
https://www.heraldo.es/,Didomi
https://www.kompas.com/,Funding Choices
https://www.kino-teatr.ru/,Funding Choices
https://www.last.fm/,OneTrust
https://www.meteomedia.com/,Didomi
https://www.khanacademy.org/,OneTrust
https://www.horoscope.com/,Funding Choices
https://www.iza.ne.jp/,OneTrust
https://www.javatpoint.com/,Conversant Consent Tool
https://www.javatpoint.com/,Funding Choices
https://www.lavoz.com.ar/,Funding Choices
https://www.meteored.com.ar/,Funding Choices
https://www.indianrail.gov.in/,Funding Choices
https://www.lenovo.com/,Evidon
https://www.meteored.cl/,Funding Choices
https://www.lidl.es/,OneTrust
https://www.jstor.org/,OneTrust
https://www.medicalnewstoday.com/,OneTrust
https://www.mandmdirect.com/,OneTrust
https://www.matichon.co.th/,Funding Choices
https://www.learncbse.in/,Conversant Consent Tool
https://www.learncbse.in/,Funding Choices
https://www.in.gr/,Funding Choices
https://www.lpga.or.jp/,Funding Choices
https://www.lg.com/,Transcend
https://www.lg.com/,AdRoll CMP System
https://www.icc-cricket.com/,OneTrust
https://www.la7.it/,Funding Choices
https://www.mohito.com/,Cookiebot
https://www.jagran.com/,Funding Choices
https://www.kicker.de/,Usercentrics
https://www.huffpost.com/,OneTrust
https://www.itatiaia.com.br/,Funding Choices
https://www.lecturas.com/,Didomi
https://www.meteoblue.com/,Funding Choices
https://www.infojobs.net/,Didomi
https://www.leprogres.fr/,Didomi
https://www.masrawy.com/,Funding Choices
https://www.lrytas.lt/,Funding Choices
https://www.karar.com/,Funding Choices
https://www.livesport.cz/,OneTrust
https://www.msdmanuals.com/,OneTrust
https://www.jprime.jp/,Funding Choices
https://www.junaidjamshed.com/,AdRoll CMP System
https://www.hitta.se/,Funding Choices
https://www.livemint.com/,Funding Choices
https://www.ice.co.il/,Funding Choices
https://www.lottomatica.it/,OneTrust
https://www.kapanlagi.com/,Funding Choices
https://www.lequipe.fr/,Didomi
https://www.idntimes.com/,Funding Choices
https://www.infojobs.com.br/,Didomi
https://www.immowelt.de/,Usercentrics
https://www.lacuarta.com/,Funding Choices
https://www.mstar.com.my/,Funding Choices
https://www.kmart.com.au/,Tealium Consent Management
https://www.gsp.ro/,OneTrust
https://www.hepsiburada.com/,OneTrust
https://www.hp.com/,OneTrust
https://www.loteriasyapuestas.es/,Cookiebot
https://www.israelhayom.co.il/,Funding Choices
https://www.liputan6.com/,Funding Choices
https://www.letelegramme.fr/,Didomi
https://www.mtvuutiset.fi/,OneTrust
https://www.huffingtonpost.es/,Funding Choices
https://www.huffingtonpost.es/,Didomi
https://www.jugantor.com/,Funding Choices
https://www.lobstertube.com/,OneTrust
https://www.klix.ba/,Funding Choices
https://www.klix.ba/,Didomi
https://www.idealo.de/,Usercentrics
https://www.mathrubhumi.com/,Funding Choices
https://www.ledauphine.com/,Didomi
https://www.laredoute.fr/,Commanders Act TrustCommander
https://www.legacy.com/,Funding Choices
https://www.maurices.com/,OneTrust
https://www.indiatoday.in/,Funding Choices
https://www.kurashiru.com/,Funding Choices
https://www.justanswer.com/,AdRoll CMP System
https://www.mbl.is/,CookieFirst
https://www.marksandspencer.com/,OneTrust
https://www.michaels.com/,OneTrust
https://www.kbb.com/,OneTrust
https://www.kbb.com/,Funding Choices
https://gazetakrakowska.pl/,Didomi
https://concepto.de/,Sirdata
https://globoplay.globo.com/,OneTrust
https://globoplay.globo.com/,Funding Choices
https://cnnespanol.cnn.com/,OneTrust
https://cnnespanol.cnn.com/,Funding Choices
https://fantasy.premierleague.com/,OneTrust
https://dennikn.sk/,Funding Choices
https://football.kulichki.net/,Funding Choices
https://congthuong.vn/,Funding Choices
https://fdownloader.net/,Funding Choices
https://cinepolis.com/,Funding Choices
https://indianexpress.com/,Funding Choices
https://gshow.globo.com/,Funding Choices
https://dziennikzachodni.pl/,Didomi
https://calendly.com/,OneTrust
https://fallout.fandom.com/,Funding Choices
https://ikman.lk/,Funding Choices
https://epaper.lokmat.com/,Funding Choices
https://igdownloader.app/,Funding Choices
https://fdown.net/,Funding Choices
https://delishkitchen.tv/,Funding Choices
https://cineulagam.com/,Conversant Consent Tool
https://cineulagam.com/,Funding Choices
https://es.wallapop.com/,OneTrust
https://dot.asahi.com/,Funding Choices
https://blog.giallozafferano.it/,iubenda
https://elevenlabs.io/,Cookiebot
https://gaana.com/,Funding Choices
https://gamebanana.com/,Conversant Consent Tool
https://gamebanana.com/,Funding Choices
https://imginn.com/,Funding Choices
https://gauchazh.clicrbs.com.br/,Funding Choices
https://kabutan.jp/,Funding Choices
https://kalam.sindonews.com/,Funding Choices
https://bunshun.jp/,Funding Choices
https://in.investing.com/,Conversant Consent Tool
https://in.investing.com/,OneTrust
https://fortnite.gg/,Conversant Consent Tool
https://fortnite.gg/,Funding Choices
https://kobieta.gazeta.pl/,OneTrust
https://es.slideshare.net/,Osano
https://kahoot.it/,OneTrust
https://france3-regions.francetvinfo.fr/,Didomi
https://damoang.net/,Funding Choices
https://es.onswingers.com/,Klaro
https://extra.globo.com/,Funding Choices
https://echodnia.eu/,Didomi
https://help.netflix.com/,OneTrust
https://glavcom.ua/,Funding Choices
https://futbol-11.com/,snigel AdConsent
https://futbol-11.com/,Funding Choices
https://faroutmagazine.co.uk/,Conversant Consent Tool
https://click.ro/,OneTrust
https://gk24.pl/,Didomi
https://boardgamegeek.com/,Funding Choices
https://jisin.jp/,Funding Choices
https://forocoches.com/,Sirdata
https://bongdaplus.vn/,Funding Choices
https://diamond.jp/,Funding Choices
https://diamond.jp/,Cookiebot
https://eldenring.wiki.fextralife.com/,Conversant Consent Tool
https://eldenring.wiki.fextralife.com/,Funding Choices
https://keralakaumudi.com/,Funding Choices
https://dictionary.cambridge.org/,OneTrust
https://dictionary.cambridge.org/,Funding Choices
https://finans.mynet.com/,Funding Choices
https://imgur.com/,Funding Choices
https://clashofclans-layouts.com/,Funding Choices
https://brocabrac.fr/,Funding Choices
https://brocabrac.fr/,Didomi
https://espndeportes.espn.com/,OneTrust
https://espndeportes.espn.com/,Funding Choices
https://issuu.com/,Cookiebot
https://forums.spacebattles.com/,Conversant Consent Tool
https://hamariweb.com/,Funding Choices
https://jntukexams.net/,Funding Choices
https://entretenimento.r7.com/,Funding Choices
https://enquiry.indianrail.gov.in/,Funding Choices
https://giphy.com/,Didomi
https://kahoot.com/,OneTrust
https://br.ign.com/,Funding Choices
https://kamigame.jp/,Funding Choices
https://jadwalnonton.com/,Funding Choices
https://beinsports.com.tr/,Funding Choices
https://fastdl.app/,Funding Choices
https://blitz.bg/,Funding Choices
https://crex.live/,Funding Choices
https://en.softonic.com/,Didomi
https://game8.co/,Funding Choices
https://chartink.com/,Funding Choices
https://edition.cnn.com/,OneTrust
https://edition.cnn.com/,Funding Choices
https://disneyworld.disney.go.com/,OneTrust
https://es.investing.com/,Conversant Consent Tool
https://consultaremedios.com.br/,Funding Choices
https://eksisozluk.com/,Funding Choices
https://chess-results.com/,Cookiebot
https://boxrec.com/,Conversant Consent Tool
https://instanavigation.com/,Funding Choices
https://hoidap247.com/,Funding Choices
https://insta-stories-viewer.com/,Funding Choices
https://dolarhoy.com/,Funding Choices
https://gigclickers.com/,Funding Choices
https://indown.io/,Funding Choices
https://instavideosave.net/,Funding Choices
https://eva.vn/,Funding Choices
https://kobieta.onet.pl/,Funding Choices
https://ekitan.com/,Funding Choices
https://carteldemanhwas.com/,Funding Choices
https://cadenaser.com/,Didomi
https://fortune.com/,OneTrust
https://gazetawroclawska.pl/,Didomi
https://authenticate.riotgames.com/,Osano
https://www.livescore.in/,OneTrust
https://www.index.hr/,Didomi
https://apprev.smt.docomo.ne.jp/,Funding Choices
https://zoom.us/,AdRoll CMP System
https://zoom.us/,OneTrust
https://www.moneycontrol.com/,Funding Choices
https://www.foxnews.com/,Ketch
https://www.foxnews.com/,Funding Choices
https://www.infobae.com/,Funding Choices
https://www.otomoto.pl/,OneTrust
https://www.ilmeteo.it/,Funding Choices
https://19216811.uno/,Funding Choices
https://www.udemy.com/,OneTrust
https://www.freepik.com/,OneTrust
https://www.jutarnji.hr/,Didomi
https://www.livehindustan.com/,Funding Choices
https://www.w3schools.com/,snigel AdConsent
https://areariservata.subito.it/,Didomi
https://www.leparisien.fr/,Didomi
https://www.healthline.com/,OneTrust
https://apnews.com/,OneTrust
https://www.midilibre.fr/,Didomi
https://www.ynet.co.il/,Funding Choices
https://adevarul.ro/,OneTrust
https://adevarul.ro/,Funding Choices
https://www.marmiton.org/,Funding Choices
https://www.marmiton.org/,Didomi
https://www.ndtv.com/,Funding Choices
https://www.kohls.com/,OneTrust
https://www.ouest-france.fr/,Didomi
https://www.njuskalo.hr/,Didomi
https://www.netflix.com/,OneTrust
https://www.letras.mus.br/,Funding Choices
https://www.sinsay.com/,Cookiebot
https://www.geny.com/,Didomi
https://www.hindustantimes.com/,Funding Choices
https://www.lowes.com/,TrustArc
https://www.sozcu.com.tr/,Funding Choices
https://www.futbin.com/,Conversant Consent Tool
https://www.futbin.com/,Funding Choices
https://www.mediaexpert.pl/,OneTrust
https://www.scribd.com/,Osano
https://www.sciencedirect.com/,OneTrust
https://www.livescore.com/,OneTrust
https://www.hurriyet.com.tr/,OneTrust
https://www.hurriyet.com.tr/,Funding Choices
https://www.flashscore.fr/,OneTrust
https://www.fmkorea.com/,Funding Choices
https://www.sport24.gr/,Funding Choices
https://www.milliyet.com.tr/,OneTrust
https://www.milliyet.com.tr/,Funding Choices
https://www.wowhead.com/,Conversant Consent Tool
https://www.wowhead.com/,OneTrust
https://www.wetter.com/,Usercentrics
https://www.mundodeportivo.com/,Funding Choices
https://www.mundodeportivo.com/,Didomi
https://www.staseraintv.com/,Funding Choices
https://www.flashscore.com/,OneTrust
https://www.ladepeche.fr/,Didomi
https://www.lanacion.com.ar/,Funding Choices
https://www.ikea.com/,OneTrust
https://www.express.co.uk/,Funding Choices
https://www.idnes.cz/,Didomi
https://www.tuazar.com/,Funding Choices
https://www.subito.it/,Didomi
https://www.redfin.com/,OneTrust
https://www.newsweek.com/,Conversant Consent Tool
https://www.newsweek.com/,Ketch
https://www.samsung.com/,OneTrust
https://9gag.com/,OneTrust
https://www.sanook.com/,Funding Choices
https://www.francetvinfo.fr/,Didomi
https://www.sarkariresult.com/,Funding Choices
https://www.globo.com/,Funding Choices
https://www.flashscore.pl/,OneTrust
https://www.haberler.com/,Funding Choices
https://247sports.com/,OneTrust
https://www.espn.com/,OneTrust
https://www.espn.com/,Funding Choices
https://www.metropoles.com/,Funding Choices
https://www.metropoles.com/,AdOpt
https://www.furaffinity.net/,Conversant Consent Tool
https://www.repubblica.it/,iubenda
https://www.ilmessaggero.it/,iubenda
https://app.slack.com/,OneTrust
https://www.telegraaf.nl/,Didomi
https://www.forbes.com/,Ketch
https://www.upwork.com/,OneTrust
https://www.shutterstock.com/,OneTrust
https://www.rightmove.co.uk/,OneTrust
https://www.sportskeeda.com/,Funding Choices
https://www.nikkansports.com/,Funding Choices
https://www.slideshare.net/,Osano
https://www.storysaver.net/,Funding Choices
https://www.marca.com/,Funding Choices
https://www.marca.com/,Didomi
https://www.macys.com/,AdRoll CMP System
https://www.macys.com/,OneTrust
https://www.netshoes.com.br/,Funding Choices
https://www.mynet.com/,Funding Choices
https://www.rezultati.com/,OneTrust
https://www2.hm.com/,OneTrust
https://www.otto.de/,OneTrust
https://www.espncricinfo.com/,Yett
https://www.espncricinfo.com/,OneTrust
https://www.espncricinfo.com/,Funding Choices
https://www.uol.com.br/,Funding Choices
https://www.trendyol.com/,OneTrust
https://www.merkur.de/,Funding Choices
https://www.hltv.org/,Conversant Consent Tool
https://www.hltv.org/,Cookiebot
https://www.extra.cz/,Didomi
https://www.flashscore.com.br/,OneTrust
https://www.terra.com.br/,Funding Choices
https://24tv.ua/,Funding Choices
https://asianwiki.com/,Funding Choices
https://auth.max.com/,OneTrust
https://apkcombo.com/,Funding Choices
https://account.booking.com/,OneTrust
https://vandal.elespanol.com/,Didomi
https://www.b92.net/,Didomi
https://sportnet.sme.sk/,Funding Choices
https://www.blick.ch/,OneTrust
https://www.acehardware.com/,OneTrust
https://www.buchstaben.com/,snigel AdConsent
https://tvtropes.org/,Conversant Consent Tool
https://tvtropes.org/,Funding Choices
https://versus.com/,Funding Choices
https://stirileprotv.ro/,OneTrust
https://www.aljazeera.com/,OneTrust
https://www.20minutes.fr/,Didomi
https://www.actualno.com/,Funding Choices
https://toytheater.com/,Funding Choices
https://truyenwikidich.net/,Funding Choices
https://www.alarabiya.net/,Funding Choices
https://www.bola.com/,Funding Choices
https://sofifa.com/,Conversant Consent Tool
https://sofifa.com/,Funding Choices
https://www.apartments.com/,OneTrust
https://sport.detik.com/,Funding Choices
https://www.bikewale.com/,Funding Choices
https://tn.com.ar/,Funding Choices
https://tuclothing.sainsburys.co.uk/,Tealium Consent Management
https://www.bricodepot.fr/,Didomi
https://stock.adobe.com/,OneTrust
https://tattle.life/,Funding Choices
https://www.buienradar.be/,OneTrust
https://www.borsaitaliana.it/,CIVIC
https://www.20min.ch/,OneTrust
https://www.20min.ch/,Funding Choices
https://www.avito.ma/,Funding Choices
https://store.supercell.com/,OneTrust
https://word.tips/,OneTrust
https://www.britannica.com/,Funding Choices
https://tfl.gov.uk/,Cookiebot
https://www.aljazeera.net/,OneTrust
https://telemagazyn.pl/,Didomi
https://www.abc.es/,Conversant Consent Tool
https://www.abc.es/,Funding Choices
https://www.abc.es/,Didomi
https://soundcloud.com/,OneTrust
https://worldstarhiphop.com/,Funding Choices
https://www.breitbart.com/,OneTrust
https://www.biobiochile.cl/,Funding Choices
https://www.asahi.com/,Funding Choices
https://www.bola.net/,Funding Choices
https://www.24ur.com/,Didomi
https://sport.ceskatelevize.cz/,OneTrust
https://www.asianetnews.com/,Conversant Consent Tool
https://www.asianetnews.com/,Funding Choices
https://times.abema.tv/,Funding Choices
https://www.ansa.it/,iubenda
https://trafficnews.jp/,Funding Choices
https://vimeo.com/,OneTrust
https://www.abola.pt/,OneTrust
https://www.binance.com/,OneTrust
https://wizzair.com/,OneTrust
https://www.alo.bg/,Funding Choices
https://www.91mobiles.com/,Funding Choices
https://www.boticario.com.br/,OneTrust
https://www.auchan.fr/,OneTrust
https://www.almasryalyoum.com/,Funding Choices
https://www.bibliaonline.com.br/,Funding Choices
https://www.boulanger.com/,Commanders Act TrustCommander
https://www.autotribune.co.kr/,Funding Choices
https://www.adorocinema.com/,Funding Choices
https://www.avianca.com/,OneTrust
https://www.almaany.com/,Funding Choices
https://www.alloschool.com/,Funding Choices
https://www.anandabazar.com/,Funding Choices
https://tvreport.co.kr/,Funding Choices
https://www.brainpop.com/,CookieHub
https://www.bauhaus.info/,Usercentrics
https://www.arabam.com/,OneTrust
https://www.arabam.com/,Funding Choices
https://tr.investing.com/,Conversant Consent Tool
https://tr.investing.com/,OneTrust
https://www.blesk.cz/,Didomi
https://www.bhaskar.com/,Funding Choices
https://www.andhrajyothy.com/,Funding Choices
https://tvi.iol.pt/,Funding Choices
https://snapsave.app/,Funding Choices
https://www.ambito.com/,Funding Choices
https://surahquran.com/,Funding Choices
https://www.airbnb.com/,OneTrust
https://www.bling.com.br/,AdOpt
https://www.biglots.com/,OneTrust
https://www.allrecipes.com/,Conversant Consent Tool
https://www.allrecipes.com/,Funding Choices
https://www.bigbadtoystore.com/,OneTrust
https://www.bankofamerica.com/,OneTrust
https://sport.ua/,CookieYes
https://tamil.oneindia.com/,Funding Choices
https://support.hp.com/,OneTrust
https://sportske.jutarnji.hr/,Didomi
https://www.24sata.hr/,Didomi
https://www.americanas.com.br/,Funding Choices
https://us.shein.com/,OneTrust
https://weathernews.jp/,Funding Choices
https://www.aktuality.sk/,Funding Choices
https://voz.vn/,Funding Choices
https://wiadomosci.gazeta.pl/,OneTrust
https://www.allocine.fr/,Didomi
https://toyokeizai.net/,Funding Choices
https://studio.code.org/,OneTrust
https://www.bibliaon.com/,Funding Choices
https://www.bibliaon.com/,Cookie Script
https://www.akakce.com/,Efilli
https://www.bahn.de/,Tealium Consent Management
https://www.bharian.com.my/,Funding Choices
https://telugu.oneindia.com/,Funding Choices
https://www.bikedekho.com/,Funding Choices
https://www.zalando.it/,Usercentrics
https://www.unian.net/,Funding Choices
https://www.topky.sk/,Didomi
https://www.zalando.es/,Usercentrics
https://www.zone-turf.fr/,Didomi
https://zistop.com/,Funding Choices
https://www.tv8.com.tr/,Funding Choices
https://www.tuasaude.com/,Funding Choices
https://www.tuasaude.com/,Cookie Script
https://all.accor.com/,OneTrust
https://www.veed.io/,OneTrust
https://www.ziprecruiter.com/,Ketch
https://www.tv3.lt/,Conversant Consent Tool
https://wynk.in/,Funding Choices
https://www.zerozero.pt/,Didomi
https://www1.flightrising.com/,Funding Choices
https://zimbra.free.fr/,Didomi
https://www.turnitin.com/,OneTrust
https://artigercek.com/,Funding Choices
https://www.uniqlo.com/,OneTrust
https://bj.afreecatv.com/,Funding Choices
https://www.zalando.pl/,Usercentrics
https://www.tv2.no/,Funding Choices
https://www.tradeinn.com/,OneTrust
https://box.tech-news.app/,Funding Choices
https://www.vinted.pl/,OneTrust
https://www.tractorsupply.com/,OneTrust
https://bikroy.com/,Funding Choices
https://www.ultimate-guitar.com/,Funding Choices
https://bringatrailer.com/,OneTrust
https://www.vanitatis.elconfidencial.com/,Didomi
https://www.zalando.nl/,Usercentrics
https://www.yenicaggazetesi.com.tr/,Funding Choices
https://blog.csdn.net/,Funding Choices
https://www.webmd.com/,OneTrust
https://www.webmd.com/,Funding Choices
https://www.willhaben.at/,Didomi
https://www.vijesti.me/,Funding Choices
https://canlidoviz.com/,Funding Choices
https://www.xataka.com/,Funding Choices
https://www.tudogostoso.com.br/,Funding Choices
https://br.freepik.com/,OneTrust
https://apostrophe.ua/,Funding Choices
https://www.tv9marathi.com/,Funding Choices
https://bold.dk/,Cookiebot
https://www.urdupoint.com/,Funding Choices
https://www.yelp.com/,OneTrust
https://www.ubisoft.com/,OneTrust
https://www.unipin.com/,Cookiebot
https://www.tycsports.com/,Funding Choices
https://www.yomiuri.co.jp/,OneTrust
https://www.yomiuri.co.jp/,Funding Choices
https://www.yallakora.com/,Funding Choices
https://br.bolavip.com/,Funding Choices
https://catalog.onliner.by/,Funding Choices
https://aikatu.jp/,Funding Choices
https://www.walgreens.com/,OneTrust
https://www.verizon.com/,Transcend
https://www.verizon.com/,AdRoll CMP System
https://accounts.binance.com/,OneTrust
https://as.ro/,OneTrust
https://www.vinted.it/,OneTrust
https://www.ukr.net/,Funding Choices
https://www.xfinity.com/,OneTrust
https://www.vinted.co.uk/,OneTrust
https://www.turf-fr.com/,Sirdata
https://ylilauta.org/,Funding Choices
https://www.trenitalia.com/,OneTrust
https://bananarepublicfactory.gapfactory.com/,OneTrust
https://www.uber.com/,Tealium Consent Management
https://www.vanityfair.it/,OneTrust
https://allabout.co.jp/,Funding Choices
https://asimjofa.com/,AdRoll CMP System
https://78novel.com/,Funding Choices
https://all-novel.net/,Funding Choices
https://casinoscores.com/,Funding Choices
https://www.vecernji.hr/,Didomi
https://www.zee5.com/,Funding Choices
https://www.unian.ua/,Funding Choices
https://www.tokyo-sports.co.jp/,Funding Choices
https://www.vivalocal.com/,OneTrust
https://arbolabc.com/,Funding Choices
https://www.zalando.fr/,Usercentrics
https://brasilescola.uol.com.br/,Funding Choices
https://www.zeturf.fr/,Cookiebot
https://chat.babel.com/,Sirdata
https://chat.babel.com/,Funding Choices
https://www.zeit.de/,Sourcepoint
https://www.tvazteca.com/,Funding Choices
https://www.tvazteca.com/,Didomi
https://9db.jp/,Funding Choices
https://al-marsd.com/,Funding Choices
https://apkmody.com/,Funding Choices
https://americansongwriter.com/,Conversant Consent Tool
https://americansongwriter.com/,Funding Choices
https://bestcarweb.jp/,Funding Choices
https://arabic.cnn.com/,OneTrust
https://arabic.cnn.com/,Funding Choices
https://actu.orange.fr/,Didomi
https://www.tvguia.es/,Funding Choices
https://www.unilad.com/,Funding Choices
https://bshb.in/,Funding Choices
https://www.vagas.com.br/,Funding Choices
https://www.vrbo.com/,OneTrust
https://www.vinted.fr/,OneTrust
https://apkdone.com/,CookieYes
https://allnoveldrama.org/,Funding Choices
https://www.webteb.com/,Funding Choices
https://bongda24h.vn/,Funding Choices
https://www.tportal.hr/,Didomi
https://www.vivastreet.co.uk/,OneTrust
https://www.tuttosport.com/,Funding Choices
https://yenibeygir.com/,Funding Choices
https://bolavip.com/,Funding Choices
https://zeenews.india.com/,Funding Choices
https://www.tv9hindi.com/,Funding Choices
https://alsroblox.fandom.com/,Funding Choices
https://www.ulta.com/,OneTrust
https://www.tokyvideo.com/,Sirdata
https://www.trovaprezzi.it/,iubenda
https://accweb.mouv.desjardins.com/,OneTrust
https://boutique.orange.fr/,Didomi
https://cekresi.com/,Funding Choices
https://www.zara.com/,OneTrust
https://avaz.ba/,Funding Choices
https://biharhelp.in/,Funding Choices
https://bengali.abplive.com/,Funding Choices
https://best-hashtags.com/,Conversant Consent Tool
https://best-hashtags.com/,Funding Choices
https://arstechnica.com/,OneTrust
https://bwfworldtour.bwfbadminton.com/,Cookiebot
https://ipowatch.in/,Funding Choices
https://cricheroes.com/,Funding Choices
https://kannada.oneindia.com/,Funding Choices
https://isinolsun.com/,Efilli
https://isinolsun.com/,Funding Choices
https://dikgames.com/,Moove GDPR Consent
https://deadline.com/,Conversant Consent Tool
https://deadline.com/,OneTrust
https://cnnportugal.iol.pt/,Funding Choices
https://jysk.de/,Cookie Information
https://fr.mappy.com/,Didomi
https://kbhgames.com/,Funding Choices
https://la1ere.francetvinfo.fr/,Didomi
https://ieeexplore.ieee.org/,Osano
https://jauns.lv/,Funding Choices
https://in.jooble.org/,Cookie Script
https://isport.blesk.cz/,Didomi
https://football.ua/,Funding Choices
https://epaper.jagran.com/,Funding Choices
https://gs24.pl/,Didomi
https://id.soccerway.com/,OneTrust
https://encount.press/,Funding Choices
https://it.investing.com/,Conversant Consent Tool
https://it.investing.com/,OneTrust
https://health.tvbs.com.tw/,Funding Choices
https://kultura.gazeta.pl/,OneTrust
https://exame.com/,Funding Choices
https://exame.com/,AdOpt
https://jobs.smartrecruiters.com/,OneTrust
https://finance.detik.com/,Funding Choices
https://i.pl/,Didomi
https://elderscrolls.fandom.com/,Funding Choices
https://eddirasa.com/,Funding Choices
https://estacio.br/,OneTrust
https://gamedva.com/,Funding Choices
https://kuji.rakuten.co.jp/,Funding Choices
https://ew.com/,Conversant Consent Tool
https://fasteasy.io/,OneTrust
https://giacaphe.com/,Funding Choices
https://cricket.one/,Funding Choices
https://disway.id/,Funding Choices
https://chordify.net/,Funding Choices
https://freemeteo.gr/,Funding Choices
https://gong.bg/,Didomi
https://diariodonordeste.verdesmares.com.br/,Funding Choices
https://diariodonordeste.verdesmares.com.br/,AdOpt
https://comenzi.farmaciatei.ro/,Cookiebot
https://hellosehat.com/,Funding Choices
https://dhankesariresults.in/,Funding Choices
https://jbpress.ismedia.jp/,Funding Choices
https://euqs.shein.com/,OneTrust
https://honkai-star-rail.fandom.com/,Funding Choices
https://dnevnik.hr/,Didomi
https://fakti.bg/,Funding Choices
https://economia.uol.com.br/,Funding Choices
https://comicbook.com/,OneTrust
https://cortefiel.com/,OneTrust
https://forum.donanimhaber.com/,Funding Choices
https://globalnews.ca/,Evidon
https://genshin-impact.fandom.com/,Funding Choices
https://libero.pe/,Funding Choices
https://dictionary.goo.ne.jp/,Funding Choices
https://emisoras.com.mx/,Funding Choices
https://goias.gov.br/,CookieYes
https://fr.shopping.rakuten.com/,Didomi
https://expresso.pt/,Funding Choices
https://expresso.pt/,Didomi
https://kurier.at/,Didomi
https://istoe.com.br/,Funding Choices
https://ko-fi.com/,CookieYes
https://eurovision.tv/,OneTrust
https://ec.ltn.com.tw/,Funding Choices
https://fr.shein.com/,OneTrust
https://create.kahoot.it/,OneTrust
https://goldprice.org/,Cookiebot
https://groceries.asda.com/,OneTrust
https://lermangas.me/,Cookie Notice
https://dzienniklodzki.pl/,Didomi
https://forbesjapan.com/,Funding Choices
https://en.help.roblox.com/,Evidon
https://jujutsu-kaisen.fandom.com/,Funding Choices
https://le10sport.com/,Didomi
https://es.symbolab.com/,OneTrust
https://emojicombos.com/,Funding Choices
https://g.pl/,OneTrust
https://ee.co.uk/,TrustArc
https://ezgif.com/,Conversant Consent Tool
https://epoznan.pl/,Sirdata
https://danviet.vn/,Funding Choices
https://fr.zalando.be/,Usercentrics
https://filmarks.com/,Funding Choices
https://financial-field.com/,Funding Choices
https://epaper.gujaratsamachar.com/,Funding Choices
https://gloswielkopolski.pl/,Didomi
https://lalluram.com/,Funding Choices
https://imhd.sk/,Funding Choices
https://espreso.tv/,Funding Choices
https://escapefromtarkov.fandom.com/,Funding Choices
https://football24.ua/,Funding Choices
https://actu.fr/,Didomi
https://timesofmalta.com/,Funding Choices
https://www.airasia.com/,Funding Choices
https://web.vsmobile.jp/,OneTrust
https://tureng.com/,Funding Choices
https://www.ahaonline.cz/,Funding Choices
https://www.ahaonline.cz/,Didomi
https://www.atg.se/,OneTrust
https://www.bluradio.com/,Didomi
https://v-kosmose.com/,AdRoll CMP System
https://wordleunlimited.org/,Funding Choices
https://www.bnews.com.br/,Funding Choices
https://ve.lt/,Funding Choices
https://www.3djuegos.com/,Funding Choices
https://wheelofnames.com/,Conversant Consent Tool
https://wheelofnames.com/,Funding Choices
https://vijaykarnataka.com/,Funding Choices
https://www.bg3.co/,Conversant Consent Tool
https://www.bg3.co/,Funding Choices
https://terraria.fandom.com/,Funding Choices
https://www.bricodepot.es/,Cookiebot
https://www.bmstores.co.uk/,OneTrust
https://www.bt.no/,Funding Choices
https://www.abc.com.py/,Funding Choices
https://vix.com/,OneTrust
https://www.azlyrics.com/,OneTrust
https://www.business-standard.com/,Funding Choices
https://umsu.ac.id/,Funding Choices
https://www.1177.se/,OneTrust
https://www.bbva.es/,OneTrust
https://us.etrade.com/,Evidon
https://thegirl.ru/,Funding Choices
https://www.bolha.com/,Didomi
https://www.beyazperde.com/,Funding Choices
https://www.castorama.fr/,TrustArc
https://tntsports.com.ar/,OneTrust
https://www.365scores.com/,Didomi
https://videos.marca.com/,Didomi
https://toom.de/,Usercentrics
https://www.boylesports.com/,OneTrust
https://www.centrepresseaveyron.fr/,Didomi
https://tokubai.co.jp/,Funding Choices
https://us2.concursolutions.com/,TrustArc
https://web.sidexfee.com/,Funding Choices
https://www.bandsintown.com/,OneTrust
https://us.pandora.net/,OneTrust
https://www.betexplorer.com/,OneTrust
https://tv2.dk/,OneTrust
https://www.augsburger-allgemeine.de/,Usercentrics
https://www.bancsabadell.com/,OneTrust
https://www.biblestudytools.com/,Conversant Consent Tool
https://www.biblestudytools.com/,Funding Choices
https://www.biblestudytools.com/,Cookie Script
https://www.bongda.com.vn/,Funding Choices
https://www.aspor.com.tr/,Funding Choices
https://www.aspor.com.tr/,Cookiebot
https://www.adnradio.cl/,Didomi
https://wuxiaworld.site/,Funding Choices
https://www.birkenstock.com/,OneTrust
https://womensecret.com/,OneTrust
https://www.auto24.ee/,OneTrust
https://www.breuninger.com/,Usercentrics
https://www.breuninger.com/,OneTrust
https://www.bouyguestelecom.fr/,Commanders Act TrustCommander
https://transfery.info/,Funding Choices
https://www.bangkokbiznews.com/,OneTrust
https://www.bangkokbiznews.com/,Funding Choices
https://www.akhbarona.com/,Funding Choices
https://www.carewellpharma.in/,Funding Choices
https://v.hdfcbank.com/,OneTrust
https://www.aftenposten.no/,Funding Choices
https://ww2.dizztips.com/,Funding Choices
https://vndoc.com/,Funding Choices
https://www.alfavita.gr/,Funding Choices
https://www.a24.com/,Funding Choices
https://www.9news.com.au/,Funding Choices
https://tviplayer.iol.pt/,Funding Choices
https://www.birgun.net/,Funding Choices
https://www.adameve.com/,OneTrust
https://www.asics.com/,OneTrust
https://www.alltrails.com/,Osano
https://www.applebees.com/,OneTrust
https://www.blancheporte.fr/,Commanders Act TrustCommander
https://theobjective.com/,Didomi
https://tixcraft.com/,OneTrust
https://www.albumoftheyear.org/,Conversant Consent Tool
https://www.albumoftheyear.org/,Funding Choices
https://www.bloomingdales.com/,OneTrust
https://www.90min.com/,Conversant Consent Tool
https://www.90min.com/,Didomi
https://www.boots.com/,OneTrust
https://www.24chasa.bg/,Funding Choices
https://www.barotem.com/,Funding Choices
https://varta1.com.ua/,Funding Choices
https://www.aranzulla.it/,iubenda
https://www.aarp.org/,Evidon
https://vendora.gr/,Cookiebot
https://www.aufeminin.com/,Funding Choices
https://www.aufeminin.com/,Didomi
https://video.corriere.it/,Funding Choices
https://tusachxinh.online/,Funding Choices
https://www.bankier.pl/,OneTrust
https://www.accenture.com/,OneTrust
https://www.antena3.ro/,OneTrust
https://www.ap7am.com/,Funding Choices
https://www.ccma.cat/,Didomi
https://www.boozt.com/,OneTrust
https://www.amtrak.com/,OneTrust
https://www.autovit.ro/,OneTrust
https://www.brocardi.it/,PubTech
https://umanity.jp/,Funding Choices
https://www.abercrombie.com/,OneTrust
https://www.ais.th/,OneTrust
https://www.750g.com/,Didomi
https://www.alcopa-auction.fr/,Cookiebot
https://www.auto-data.net/,Funding Choices
https://www.belezanaweb.com.br/,OneTrust
https://thetv.jp/,Funding Choices
https://www.bluewin.ch/,OneTrust
https://www.centris.ca/,Didomi
https://wordunscrambler.me/,Funding Choices
https://test-english.com/,Cookiebot
https://trailhead.salesforce.com/,AdRoll CMP System
https://trailhead.salesforce.com/,OneTrust
https://twistedsifter.com/,Conversant Consent Tool
https://twistedsifter.com/,Funding Choices
https://www.autotrader.com/,OneTrust
https://www.autotrader.com/,Funding Choices
https://www.aydinlik.com.tr/,Funding Choices
https://www.bugetul.ro/,OneTrust
https://www.bancosantander.es/,OneTrust
https://www.bankingnews.gr/,Funding Choices
https://webmail.aruba.it/,Cookiebot
https://www.aircanada.com/,OneTrust
https://www.band.uol.com.br/,Funding Choices
https://wiadomosci.radiozet.pl/,OneTrust
https://variety.com/,Conversant Consent Tool
https://variety.com/,OneTrust
https://www.agazeta.com.br/,Funding Choices
https://www.bjs.com/,OneTrust
https://www.buscape.com.br/,Funding Choices
https://www.13.cl/,Funding Choices
https://tv9bangla.com/,Funding Choices
https://tecnoblog.net/,Funding Choices
https://www.bitget.com/,AdRoll CMP System
https://wallpapers.com/,Conversant Consent Tool
https://wallpapers.com/,Funding Choices
https://www.blockaway.net/,Funding Choices
https://www.cartrade.com/,Funding Choices
https://vanguardia.com.mx/,Funding Choices
https://www.billboard.com/,Conversant Consent Tool
https://www.billboard.com/,OneTrust
https://vshkole.com/,Funding Choices
https://www.bata.com/,OneTrust
https://www.arukereso.hu/,Didomi
https://u.gg/,Conversant Consent Tool
https://u.gg/,Funding Choices
https://www.agatameble.pl/,Cookiebot
https://www.abnamro.nl/,Tealium Consent Management
https://www.cda.pl/,Funding Choices
https://www.caradisiac.com/,Didomi
https://vtcnews.vn/,Funding Choices
https://www.bike-discount.de/,Usercentrics